[
  {
    "id": "0ba71093-d8a2-4d52-a557-be09d3138d30",
    "data": [
      {
        "text": "deu",
        "userDefined": false
      }
    ],
    "isTemplate": false,
    "count": 0,
    "lang": "es",
    "updated": 0
  },
  {
    "id": "2bbbe4f5-a6ea-46e9-88e8-3588c737a5b7",
    "data": [
      {
        "text": "chao",
        "userDefined": false
      }
    ],
    "isTemplate": false,
    "count": 0,
    "lang": "es",
    "updated": 0
  },
  {
    "id": "fa7ce96e-0c8f-484c-84cd-8fa96f497e33",
    "data": [
      {
        "text": "Muchas gracias",
        "userDefined": false
      }
    ],
    "isTemplate": false,
    "count": 0,
    "lang": "es",
    "updated": 0
  },
  {
    "id": "8caca6e8-a251-4daa-baf9-3918b02086a7",
    "data": [
      {
        "text": "Gracias",
        "userDefined": false
      }
    ],
    "isTemplate": false,
    "count": 0,
    "lang": "es",
    "updated": 0
  },
  {
    "id": "81e0444c-316f-4348-9d9a-2e62c84f27ff",
    "data": [
      {
        "text": "Gracias por todo",
        "userDefined": false
      }
    ],
    "isTemplate": false,
    "count": 0,
    "lang": "es",
    "updated": 0
  },
  {
    "id": "1c8f85c4-3f13-4c8b-a23d-edc8f43a639e",
    "data": [
      {
        "text": "Gracias por la información",
        "userDefined": false
      }
    ],
    "isTemplate": false,
    "count": 0,
    "lang": "es",
    "updated": 0
  },
  {
    "id": "3a5bb474-e021-46b5-b11b-f5ee1482f7e1",
    "data": [
      {
        "text": "Gracias por la info",
        "userDefined": false
      }
    ],
    "isTemplate": false,
    "count": 0,
    "lang": "es",
    "updated": 0
  },
  {
    "id": "077130f8-c794-47b7-a6ee-b3b2035e35df",
    "data": [
      {
        "text": "gracias por la info. Adiós",
        "userDefined": false
      }
    ],
    "isTemplate": false,
    "count": 0,
    "lang": "es",
    "updated": 0
  },
  {
    "id": "6644be11-47ef-4c40-88dc-857367322f06",
    "data": [
      {
        "text": "gracias por la info. Adios",
        "userDefined": false
      }
    ],
    "isTemplate": false,
    "count": 0,
    "lang": "es",
    "updated": 0
  },
  {
    "id": "51474b3f-c75d-4bd7-8f23-a68564db83fd",
    "data": [
      {
        "text": "hasta luego",
        "userDefined": false
      }
    ],
    "isTemplate": false,
    "count": 0,
    "lang": "es",
    "updated": 0
  }
]