[
  {
    "id": "66d052f1-479e-447b-96a1-b4f35612238c",
    "data": [
      {
        "text": "saber los horarios del centro",
        "meta": "@horarios",
        "alias": "horarios",
        "userDefined": true
      }
    ],
    "isTemplate": false,
    "count": 0,
    "lang": "es",
    "updated": 0
  },
  {
    "id": "ddf75295-06ad-49a1-befb-0dc2e11253ab",
    "data": [
      {
        "text": "horarios de la escuela",
        "meta": "@horarios",
        "alias": "horarios",
        "userDefined": true
      }
    ],
    "isTemplate": false,
    "count": 0,
    "lang": "es",
    "updated": 0
  },
  {
    "id": "85207aa4-6b4b-450d-ac17-44843bafc367",
    "data": [
      {
        "text": "horarios",
        "meta": "@horarios",
        "alias": "horarios",
        "userDefined": false
      },
      {
        "text": " de ",
        "userDefined": false
      },
      {
        "text": "la autoescuela",
        "userDefined": false
      }
    ],
    "isTemplate": false,
    "count": 0,
    "lang": "es",
    "updated": 0
  },
  {
    "id": "e1fb58bd-62f8-4edc-ac06-27ebb8ba7f37",
    "data": [
      {
        "text": "franja horaria",
        "meta": "@horarios",
        "alias": "horarios",
        "userDefined": false
      }
    ],
    "isTemplate": false,
    "count": 0,
    "lang": "es",
    "updated": 0
  },
  {
    "id": "6ed52851-f3b6-4f6a-9304-79ed53089c6b",
    "data": [
      {
        "text": "horarios del centro",
        "meta": "@horarios",
        "alias": "horarios",
        "userDefined": true
      }
    ],
    "isTemplate": false,
    "count": 0,
    "lang": "es",
    "updated": 0
  },
  {
    "id": "c7d073eb-efd8-48d7-b760-8f6e3ea0cf3d",
    "data": [
      {
        "text": "a qué ",
        "userDefined": false
      },
      {
        "text": "hora",
        "meta": "@horarios",
        "alias": "horarios",
        "userDefined": true
      },
      {
        "text": " son las clases",
        "userDefined": false
      }
    ],
    "isTemplate": false,
    "count": 0,
    "lang": "es",
    "updated": 0
  },
  {
    "id": "9581f4b2-81bd-49cb-8f8a-3af2599b7ce4",
    "data": [
      {
        "text": "horarios",
        "meta": "@horarios",
        "alias": "horarios",
        "userDefined": false
      },
      {
        "text": " de ",
        "userDefined": false
      },
      {
        "text": "prácticas",
        "userDefined": false
      }
    ],
    "isTemplate": false,
    "count": 0,
    "lang": "es",
    "updated": 0
  },
  {
    "id": "50d21f7b-2411-48a2-9c43-a73f2336e2dd",
    "data": [
      {
        "text": "horarios",
        "meta": "@horarios",
        "alias": "horarios",
        "userDefined": false
      }
    ],
    "isTemplate": false,
    "count": 0,
    "lang": "es",
    "updated": 0
  },
  {
    "id": "7446328c-e774-4df5-b2cb-83d10eff4267",
    "data": [
      {
        "text": "¿a qué ",
        "userDefined": false
      },
      {
        "text": "hora",
        "meta": "@horarios",
        "alias": "horarios",
        "userDefined": false
      },
      {
        "text": " se ",
        "userDefined": false
      },
      {
        "text": "dan",
        "userDefined": false
      },
      {
        "text": " las clases?",
        "userDefined": false
      }
    ],
    "isTemplate": false,
    "count": 0,
    "lang": "es",
    "updated": 0
  },
  {
    "id": "c902e586-8e67-4d27-9cbb-1ff79b1b1413",
    "data": [
      {
        "text": "turnos",
        "meta": "@horarios",
        "alias": "horarios",
        "userDefined": false
      },
      {
        "text": " de clases",
        "userDefined": false
      }
    ],
    "isTemplate": false,
    "count": 0,
    "lang": "es",
    "updated": 0
  }
]