[
  {
    "id": "16e924af-5b4a-48d3-8690-26a5ec8ec58e",
    "data": [
      {
        "text": "raquel@gmail.com",
        "meta": "@sys.email",
        "alias": "email",
        "userDefined": true
      }
    ],
    "isTemplate": false,
    "count": 0,
    "lang": "es",
    "updated": 0
  },
  {
    "id": "1b689cb9-0e06-48aa-b0f4-3e8155927482",
    "data": [
      {
        "text": "67826382",
        "meta": "@sys.phone-number",
        "alias": "phone-number",
        "userDefined": true
      }
    ],
    "isTemplate": false,
    "count": 0,
    "lang": "es",
    "updated": 0
  },
  {
    "id": "28f13327-0518-416f-a7ce-651a41f6f5be",
    "data": [
      {
        "text": "raquel",
        "meta": "@sys.given-name",
        "alias": "given-name",
        "userDefined": true
      }
    ],
    "isTemplate": false,
    "count": 0,
    "lang": "es",
    "updated": 0
  }
]