[
  {
    "id": "443516b5-b234-4d5b-a071-9920e0ff5146",
    "data": [
      {
        "text": "me gustaría saber los ",
        "userDefined": false
      },
      {
        "text": "precios",
        "meta": "@info-precios",
        "alias": "info-precios",
        "userDefined": true
      },
      {
        "text": " de las clases",
        "userDefined": false
      }
    ],
    "isTemplate": false,
    "count": 0,
    "lang": "es",
    "updated": 0
  },
  {
    "id": "b294fa61-962b-40f1-80e8-d1c7298dc1a6",
    "data": [
      {
        "text": "saber ",
        "userDefined": false
      },
      {
        "text": "precio",
        "meta": "@info-precios",
        "alias": "info-precios",
        "userDefined": true
      },
      {
        "text": " de clases",
        "userDefined": false
      }
    ],
    "isTemplate": false,
    "count": 0,
    "lang": "es",
    "updated": 0
  },
  {
    "id": "f6d70f58-e107-4656-b162-1ccde2cc5990",
    "data": [
      {
        "text": "quiero saber el ",
        "userDefined": false
      },
      {
        "text": "precio",
        "meta": "@info-precios",
        "alias": "info-precios",
        "userDefined": true
      }
    ],
    "isTemplate": false,
    "count": 0,
    "lang": "es",
    "updated": 0
  },
  {
    "id": "bd243005-172c-4d8f-b46f-b6d2495e64b5",
    "data": [
      {
        "text": "¿Cuál es el ",
        "userDefined": false
      },
      {
        "text": "costo",
        "meta": "@info-precios",
        "alias": "info-precios",
        "userDefined": true
      },
      {
        "text": " de las clases?",
        "userDefined": false
      }
    ],
    "isTemplate": false,
    "count": 0,
    "lang": "es",
    "updated": 0
  },
  {
    "id": "14d9224d-d4a0-4a35-b1e0-c837c6419bd5",
    "data": [
      {
        "text": "¿qué ",
        "userDefined": false
      },
      {
        "text": "precio",
        "meta": "@info-precios",
        "alias": "info-precios",
        "userDefined": true
      },
      {
        "text": " tiene el ",
        "userDefined": false
      },
      {
        "text": "carnet de conducir?",
        "userDefined": false
      }
    ],
    "isTemplate": false,
    "count": 0,
    "lang": "es",
    "updated": 0
  },
  {
    "id": "2f52a001-4540-4d1d-ae01-83eb74e8f8cc",
    "data": [
      {
        "text": "información ",
        "userDefined": false
      },
      {
        "text": "precios",
        "meta": "@info-precios",
        "alias": "info-precios",
        "userDefined": true
      },
      {
        "text": " clases",
        "userDefined": false
      }
    ],
    "isTemplate": false,
    "count": 0,
    "lang": "es",
    "updated": 0
  },
  {
    "id": "92cbd59f-03c8-4dbb-a0c3-10da7f121828",
    "data": [
      {
        "text": "precios",
        "meta": "@info-precios",
        "alias": "info-precios",
        "userDefined": true
      }
    ],
    "isTemplate": false,
    "count": 0,
    "lang": "es",
    "updated": 0
  }
]